{"stats":{"minecraft:picked_up":{"minecraft:redstone_block":1,"minecraft:redstone_lamp":1,"minecraft:target":2,"minecraft:redstone":1},"minecraft:used":{"minecraft:redstone_torch":1150,"minecraft:glass":1232,"minecraft:white_wool":9761,"minecraft:lever":146,"minecraft:redstone_lamp":1001,"minecraft:black_wool":2,"minecraft:repeater":1053,"minecraft:firework_rocket":362,"minecraft:target":1071,"minecraft:comparator":49,"minecraft:redstone":4809,"minecraft:oak_button":65,"minecraft:elytra":4,"minecraft:oak_sign":156,"minecraft:gray_wool":170,"minecraft:redstone_block":1313,"minecraft:red_dye":30,"minecraft:glow_ink_sac":88},"minecraft:dropped":{"minecraft:redstone_lamp":1,"minecraft:redstone_block":1,"minecraft:redstone":1,"minecraft:target":2},"minecraft:custom":{"minecraft:time_since_rest":1945142,"minecraft:crouch_one_cm":4365,"minecraft:sprint_one_cm":135391,"minecraft:play_time":1945142,"minecraft:walk_one_cm":265474,"minecraft:sneak_time":122606,"minecraft:drop":5,"minecraft:aviate_one_cm":2492456,"minecraft:jump":3420,"minecraft:leave_game":24,"minecraft:time_since_death":1945142,"minecraft:total_world_time":2027202,"minecraft:fly_one_cm":23179869}},"DataVersion":3218}